nombre,pais,estado,ciudad,imagen,genero,id
Terrell Hessel,Montserrat,Louisiana,St. Louis,https://cloudflare-ipfs.com/ipfs/Qmd3W5DuhgHirLHGVixi6V76LhCkZUz6pnFt5AJBiyvHye/avatar/818.jpg,T* man,1
Rudy Batz,Lithuania,New Mexico,Rockwall,https://cloudflare-ipfs.com/ipfs/Qmd3W5DuhgHirLHGVixi6V76LhCkZUz6pnFt5AJBiyvHye/avatar/851.jpg,Intersex man,2
Rick Franey V,Panama,Oklahoma,Lake Forest,https://cloudflare-ipfs.com/ipfs/Qmd3W5DuhgHirLHGVixi6V76LhCkZUz6pnFt5AJBiyvHye/avatar/427.jpg,Trigender,3
Tabitha Beahan,United Kingdom,Maine,Camarillo,https://cloudflare-ipfs.com/ipfs/Qmd3W5DuhgHirLHGVixi6V76LhCkZUz6pnFt5AJBiyvHye/avatar/906.jpg,Female to male transsexual man,4
Jake Waelchi,Guinea-Bissau,Texas,Clarksville,https://cloudflare-ipfs.com/ipfs/Qmd3W5DuhgHirLHGVixi6V76LhCkZUz6pnFt5AJBiyvHye/avatar/583.jpg,Transgender person,5
Darryl Wintheiser DVM,Jordan,Idaho,Gilbert,https://cloudflare-ipfs.com/ipfs/Qmd3W5DuhgHirLHGVixi6V76LhCkZUz6pnFt5AJBiyvHye/avatar/488.jpg,Gender neutral,6
Leo Keeling,Pakistan,New Hampshire,Mission,https://cloudflare-ipfs.com/ipfs/Qmd3W5DuhgHirLHGVixi6V76LhCkZUz6pnFt5AJBiyvHye/avatar/725.jpg,Male to female transgender woman,7
Sylvester Batz,Saint Barthelemy,Kansas,Wellington,https://cloudflare-ipfs.com/ipfs/Qmd3W5DuhgHirLHGVixi6V76LhCkZUz6pnFt5AJBiyvHye/avatar/1006.jpg,Cisgender,8
Jana Runolfsdottir,Libyan Arab Jamahiriya,Illinois,Hammond,https://cloudflare-ipfs.com/ipfs/Qmd3W5DuhgHirLHGVixi6V76LhCkZUz6pnFt5AJBiyvHye/avatar/978.jpg,T* woman,9
Wesley Kuhic,Guinea-Bissau,Massachusetts,Johnson City,https://cloudflare-ipfs.com/ipfs/Qmd3W5DuhgHirLHGVixi6V76LhCkZUz6pnFt5AJBiyvHye/avatar/23.jpg,Gender neutral,10
Ethel Hyatt II,Dominican Republic,Florida,Virginia Beach,https://cloudflare-ipfs.com/ipfs/Qmd3W5DuhgHirLHGVixi6V76LhCkZUz6pnFt5AJBiyvHye/avatar/131.jpg,Female to male transsexual man,11
Maurice Strosin,Burkina Faso,West Virginia,New York,https://cloudflare-ipfs.com/ipfs/Qmd3W5DuhgHirLHGVixi6V76LhCkZUz6pnFt5AJBiyvHye/avatar/592.jpg,T* man,12
Susie Williamson,Ghana,Oklahoma,Buena Park,https://cloudflare-ipfs.com/ipfs/Qmd3W5DuhgHirLHGVixi6V76LhCkZUz6pnFt5AJBiyvHye/avatar/1170.jpg,Trans male,13
Tony Mills,Canada,Wisconsin,Killeen,https://cloudflare-ipfs.com/ipfs/Qmd3W5DuhgHirLHGVixi6V76LhCkZUz6pnFt5AJBiyvHye/avatar/1153.jpg,Gender fluid,14
Johnathan Klein,Suriname,Indiana,Bradenton,https://cloudflare-ipfs.com/ipfs/Qmd3W5DuhgHirLHGVixi6V76LhCkZUz6pnFt5AJBiyvHye/avatar/701.jpg,FTM,15
Wanda Berge,American Samoa,Louisiana,Charlotte,https://cloudflare-ipfs.com/ipfs/Qmd3W5DuhgHirLHGVixi6V76LhCkZUz6pnFt5AJBiyvHye/avatar/341.jpg,Trans woman,16
Sylvia Orn,Georgia,Florida,Torrance,https://cloudflare-ipfs.com/ipfs/Qmd3W5DuhgHirLHGVixi6V76LhCkZUz6pnFt5AJBiyvHye/avatar/215.jpg,Xenogender,17
Malcolm Grimes,Congo,Georgia,Chula Vista,https://cloudflare-ipfs.com/ipfs/Qmd3W5DuhgHirLHGVixi6V76LhCkZUz6pnFt5AJBiyvHye/avatar/1004.jpg,Woman,18
Rosa Grimes,Bhutan,Nevada,Long Beach,https://cloudflare-ipfs.com/ipfs/Qmd3W5DuhgHirLHGVixi6V76LhCkZUz6pnFt5AJBiyvHye/avatar/490.jpg,Demigender,19
Owen Block,Serbia,Mississippi,Gainesville,https://cloudflare-ipfs.com/ipfs/Qmd3W5DuhgHirLHGVixi6V76LhCkZUz6pnFt5AJBiyvHye/avatar/962.jpg,Bigender,20
Lynette Dooley,"Virgin Islands, British",Massachusetts,Westminster,https://cloudflare-ipfs.com/ipfs/Qmd3W5DuhgHirLHGVixi6V76LhCkZUz6pnFt5AJBiyvHye/avatar/1155.jpg,Pangender,21
Charlie Hettinger,Iraq,Delaware,Akron,https://cloudflare-ipfs.com/ipfs/Qmd3W5DuhgHirLHGVixi6V76LhCkZUz6pnFt5AJBiyvHye/avatar/785.jpg,Trans,22
Miss Craig Bins,Fiji,Nevada,San Bernardino,https://cloudflare-ipfs.com/ipfs/Qmd3W5DuhgHirLHGVixi6V76LhCkZUz6pnFt5AJBiyvHye/avatar/1093.jpg,Transexual female,23
Jonathon O'Conner,Guadeloupe,New Jersey,Glen Burnie,https://cloudflare-ipfs.com/ipfs/Qmd3W5DuhgHirLHGVixi6V76LhCkZUz6pnFt5AJBiyvHye/avatar/1236.jpg,Neutrois,24
Tomas West,Namibia,New Jersey,Conroe,https://cloudflare-ipfs.com/ipfs/Qmd3W5DuhgHirLHGVixi6V76LhCkZUz6pnFt5AJBiyvHye/avatar/672.jpg,F2M,25
